Feature,Importance
payload_mass,0.6874860852625606
rocket_name_Falcon 9,0.06123725620079584
rocket_name_Falcon Heavy,0.055758801208791946
orbit_PO,0.040182044253401474
orbit_HCO,0.039479309394245043
orbit_ISS,0.03426187146480876
orbit_GTO,0.016590408207353045
orbit_MEO,0.016052463059050507
orbit_SSO,0.01469459248918532
orbit_LEO,0.011864142265093925
orbit_VLEO,0.009406130156005511
orbit_HEO,0.007175998221447591
orbit_TLI,0.005810897817260364
